department,course_number
AFRICAM,R1A
AFRICAM,R1B
AFRICAM,4B
AFRICAM,5B
AFRICAM,10B
AFRICAM,11B
AFRICAM,15B
AFRICAM,24
AFRICAM,28AC
AFRICAM,30B
AFRICAM,98BC
AFRICAM,101
AFRICAM,109
AFRICAM,112B
AFRICAM,115
AFRICAM,117
AFRICAM,123
AFRICAM,131
AFRICAM,139
AFRICAM,142AC
AFRICAM,C143A
AFRICAM,152F
AFRICAM,153C
AFRICAM,156AC
AFRICAM,158B
AFRICAM,159
AFRICAM,C178
AFRICAM,H195A
AFRICAM,H195B
AFRICAM,198BC
AFRICAM,201B
AFRICAM,240
AFRICAM,241
AFRICAM,C265
AFRICAM,296
AFRICAM,298
AFRICAM,602
ENVECON,C1
ENVECON,100
ENVECON,C101
ENVECON,C118
ENVECON,143
ENVECON,147
ENVECON,C151
ENVECON,162
ENVECON,C181
ENVECON,C183
ENVECON,195
ENVECON,H196
ENVECON,197
ENVECON,198
ENVECON,199
"A,RESEC",202
"A,RESEC",212
"A,RESEC",242
"A,RESEC",261
"A,RESEC",263
"A,RESEC",264
"A,RESEC",298
"A,RESEC",299
"A,RESEC",400
"A,RESEC",602
AMERSTD,10
AMERSTD,101
AMERSTD,102
AMERSTD,C111E
AMERSTD,139AC
AMERSTD,C152
AMERSTD,C172
AMERSTD,191
AMERSTD,H195
AHMA,210
AHMA,299
ANTHRO,1
ANTHRO,2AC
ANTHRO,3AC
ANTHRO,R5B
ANTHRO,84
ANTHRO,98
ANTHRO,C103
ANTHRO,111
ANTHRO,114
ANTHRO,115
ANTHRO,123A
ANTHRO,128M
ANTHRO,134
ANTHRO,137
ANTHRO,138B
ANTHRO,149
ANTHRO,156
ANTHRO,162
ANTHRO,170
ANTHRO,179
ANTHRO,184
ANTHRO,189
ANTHRO,189A
ANTHRO,H195A
ANTHRO,217
ANTHRO,229B
ANTHRO,230
ANTHRO,240B
ANTHRO,250C
ANTHRO,250R
ANTHRO,250V
ANTHRO,250X
ANTHRO,C262B
ANTHRO,C273
ANTHRO,280D
ANTHRO,290
ANTHRO,296A
ANTHRO,296B
ANTHRO,298
ANTHRO,299
ANTHRO,301
ANTHRO,602
AST,C225
AST,299
ARCH,11B
ARCH,24
ARCH,98BC
ARCH,100B
ARCH,100D
ARCH,102B
ARCH,139
ARCH,140
ARCH,159
ARCH,160
ARCH,169
ARCH,170B
ARCH,198
ARCH,198BC
ARCH,199
ARCH,200B
ARCH,202
ARCH,204B
ARCH,205B
ARCH,207B
ARCH,207D
ARCH,212
ARCH,230
ARCH,239
ARCH,240
ARCH,242
ARCH,256
ARCH,259
ARCH,269
ARCH,279
ARCH,298
ARCH,375
VIS STD,185X
VIS STD,187A
VIS STD,280
VIS STD,298
ART,8
ART,12
ART,13
ART,14
ART,15
ART,W23AC
ART,98
ART,99
ART,100
ART,102
ART,117
ART,118
ART,119
ART,120
ART,123
ART,130
ART,132
ART,160
ART,165
ART,C174
ART,180
ART,184
ART,185
ART,H195A
ART,H195B
ART,196
ART,198
ART,199
ART,290
ART,294
ART,295
ART,298
ART,299
ART,301
HISTART,R1B
HISTART,11
HISTART,27
HISTART,100
HISTART,145A
HISTART,151
HISTART,169A
HISTART,175
HISTART,190F
HISTART,190M
HISTART,192A
HISTART,192B
HISTART,192D
HISTART,192F
HISTART,192H
HISTART,H195
HISTART,C196A
HISTART,C196B
HISTART,C196W
HISTART,270
HISTART,281
HISTART,285
HISTART,290
HISTART,296
HISTART,299
HISTART,300
HISTART,601
HISTART,602
ASAMST,R2A
ASAMST,R2B
ASAMST,20A
ASAMST,97
ASAMST,98
ASAMST,99
ASAMST,121
ASAMST,124
ASAMST,131
ASAMST,132AC
ASAMST,144
ASAMST,146
ASAMST,150
ASAMST,151AC
ASAMST,171
ASAMST,173
ASAMST,176
ASAMST,195
ASAMST,H195B
ASAMST,197
ASAMST,198
ASAMST,199
ASIANST,98
ASIANST,150
ASIANST,H195A
ASIANST,H195B
ASIANST,198
ASIANST,199
ASIANST,201
ASIANST,298
ASIANST,299
ASTRON,7B
ASTRON,10
ASTRON,C12
ASTRON,99
ASTRON,121
ASTRON,C161
ASTRON,H195
ASTRON,199
ASTRON,C202
ASTRON,216
ASTRON,218
ASTRON,C285
ASTRON,290B
ASTRON,C290C
ASTRON,292
ASTRON,C292
ASTRON,298
ASTRON,299
ASTRON,999
BIO ENG,25
BIO ENG,98
BIO ENG,99
BIO ENG,101
BIO ENG,104
BIO ENG,110
BIO ENG,111
BIO ENG,C112
BIO ENG,115
BIO ENG,C117
BIO ENG,121
BIO ENG,C125
BIO ENG,190
BIO ENG,H194
BIO ENG,196
BIO ENG,198
BIO ENG,199
BIO ENG,200
BIO ENG,C213
BIO ENG,C215
BIO ENG,221
BIO ENG,C222
BIO ENG,241
BIO ENG,C265
BIO ENG,290
BIO ENG,296
BIO ENG,298
BIO ENG,299
BIOPHY,H196
BIOPHY,292
BIOPHY,293B
BUDDSTD,C117
BUDDSTD,C128
BUDDSTD,C140
BUDDSTD,150
BUDDSTD,190
BUDDSTD,200
BUDDSTD,C215
BUDDSTD,220
BUDDSTD,298
BUDDSTD,299
BUDDSTD,601
BUDDSTD,602
UGBA,10
UGBA,96
UGBA,100
UGBA,101A
UGBA,101B
UGBA,102A
UGBA,102B
UGBA,103
UGBA,104
UGBA,105
UGBA,106
UGBA,107
UGBA,115
UGBA,118
UGBA,119
UGBA,120AA
UGBA,120AB
UGBA,120B
UGBA,121
UGBA,122
UGBA,126
UGBA,128
UGBA,131
UGBA,132
UGBA,133
UGBA,136F
UGBA,137
UGBA,141
UGBA,151
UGBA,154
UGBA,155
UGBA,160
UGBA,165
UGBA,167
UGBA,169
UGBA,170
UGBA,C172
UGBA,177
UGBA,178
UGBA,179
UGBA,180
UGBA,183
UGBA,184
UGBA,190T
UGBA,191P
UGBA,192A
UGBA,192N
UGBA,192T
UGBA,194
UGBA,195A
UGBA,196
MBA,209F
MBA,236H
MBA,283
MBA,296
EWMBA,236H
EWMBA,260
MFE,230M
MFE,230X
PHDBA,219S
PHDBA,229C
PHDBA,229S
PHDBA,239B
PHDBA,239DA
PHDBA,239DB
PHDBA,239E
PHDBA,239S
PHDBA,259B
PHDBA,259S
PHDBA,269B
PHDBA,269S
PHDBA,C270
PHDBA,279C
PHDBA,C279I
PHDBA,279S
PHDBA,289A
PHDBA,289S
PHDBA,297T
PHDBA,375
CELTIC,R1B
CELTIC,85
CELTIC,98
CELTIC,99
CELTIC,139
CELTIC,146B
CELTIC,173
CELTIC,H195A
CELTIC,H195B
CELTIC,198
CELTIC,199
CHM ENG,90
CHM ENG,98
CHM ENG,141
CHM ENG,143
CHM ENG,150A
CHM ENG,154
CHM ENG,160
CHM ENG,162
CHM ENG,170A
CHM ENG,C178
CHM ENG,185
CHM ENG,H193
CHM ENG,H194
CHM ENG,195
CHM ENG,196
CHM ENG,197
CHM ENG,198
CHM ENG,199
CHM ENG,245
CHM ENG,295Q
CHM ENG,296
CHM ENG,298
CHM ENG,299
CHM ENG,300
CHM ENG,602
CHEM,1A
CHEM,1AD
CHEM,1AL
CHEM,1B
CHEM,3A
CHEM,3AL
CHEM,3B
CHEM,3BL
CHEM,4B
CHEM,24
CHEM,49
CHEM,104B
CHEM,105
CHEM,C110L
CHEM,112B
CHEM,115
CHEM,120A
CHEM,125
CHEM,C130
CHEM,130B
CHEM,146
CHEM,C178
CHEM,C182
CHEM,192
CHEM,H193
CHEM,H194
CHEM,195
CHEM,196
CHEM,199
CHEM,208
CHEM,220B
CHEM,221B
CHEM,223A
CHEM,253A
CHEM,253B
CHEM,253C
CHEM,262
CHEM,268
CHEM,270A
CHEM,270B
CHEM,C271A
CHEM,C271B
CHEM,C271C
CHEM,295
CHEM,298
CHEM,299
CHEM,300
CHEM,301
CHEM,301A
CHEM,301B
CHEM,301C
CHEM,301D
CHEM,301W
CHEM,602
CHICANO,R1A
CHICANO,R1B
CHICANO,20
CHICANO,24
CHICANO,97
CHICANO,98
CHICANO,99
CHICANO,135B
CHICANO,141
CHICANO,143
CHICANO,150B
CHICANO,161
CHICANO,165
CHICANO,176
CHICANO,180
CHICANO,180AC
CHICANO,195
CHICANO,H195B
CHICANO,197
CHICANO,198
CHICANO,199
CY PLAN,113A
CY PLAN,114
CY PLAN,116
CY PLAN,118AC
CY PLAN,120
CY PLAN,190
CY PLAN,201B
CY PLAN,204B
CY PLAN,204C
CY PLAN,204D
CY PLAN,207
CY PLAN,208
CY PLAN,C217
CY PLAN,228
CY PLAN,230
CY PLAN,C240
CY PLAN,248
CY PLAN,252
CY PLAN,254
CY PLAN,C256
CY PLAN,260
CY PLAN,280C
CY PLAN,290
CIV ENG,11
CIV ENG,24
CIV ENG,C30
CIV ENG,60
CIV ENG,93
CIV ENG,98
CIV ENG,99
CIV ENG,100
CIV ENG,103
CIV ENG,C106
CIV ENG,107
CIV ENG,111L
CIV ENG,112
CIV ENG,114
CIV ENG,C116
CIV ENG,120
CIV ENG,121
CIV ENG,122L
CIV ENG,123L
CIV ENG,130N
CIV ENG,C133
CIV ENG,155
CIV ENG,165
CIV ENG,166
CIV ENG,171
CIV ENG,176
CIV ENG,177
CIV ENG,H194
CIV ENG,198
CIV ENG,199
CIV ENG,200C
CIV ENG,202A
CIV ENG,209
CIV ENG,210A
CIV ENG,212
CIV ENG,218A
CIV ENG,221
CIV ENG,222
CIV ENG,226
CIV ENG,227
CIV ENG,232
CIV ENG,C236
CIV ENG,246
CIV ENG,247
CIV ENG,C250N
CIV ENG,255
CIV ENG,256
CIV ENG,C258
CIV ENG,259
CIV ENG,264
CIV ENG,C265
CIV ENG,268B
CIV ENG,268D
CIV ENG,268I
CIV ENG,272
CIV ENG,273
CIV ENG,C276
CIV ENG,277
CIV ENG,C289
CIV ENG,290
CIV ENG,290F
CIV ENG,C291F
CIV ENG,295
CIV ENG,297
CIV ENG,298
CIV ENG,299
CIV ENG,301
CIV ENG,601
CIV ENG,602
CLASSIC,10B
CLASSIC,17B
CLASSIC,24
CLASSIC,28
CLASSIC,34
CLASSIC,39K
CLASSIC,124
CLASSIC,130
CLASSIC,175F
CLASSIC,201B
CLASSIC,203
CLASSIC,225
CLASSIC,239
CLASSIC,270
CLASSIC,302
GREEK,2
GREEK,10
GREEK,101
GREEK,105
GREEK,123
LATIN,1
LATIN,2
LATIN,40
LATIN,100
LATIN,101
LATIN,102
LATIN,140
COG SCI,1
COG SCI,C101
COG SCI,C103
COG SCI,C126
COG SCI,C140
COG SCI,C142
COLWRIT,1
COLWRIT,R1A
COLWRIT,R4B
COLWRIT,9C
COLWRIT,10A
COLWRIT,10B
COLWRIT,21
COLWRIT,25AC
COLWRIT,50AC
COLWRIT,98
COLWRIT,99
COLWRIT,106
COLWRIT,110
COLWRIT,130
COLWRIT,150AC
COLWRIT,151
COLWRIT,161
COLWRIT,198
COLWRIT,199
COMPBIO,299
COM LIT,R1A
COM LIT,R1B
COM LIT,98
COM LIT,100
COM LIT,112B
COM LIT,152
COM LIT,155
COM LIT,170
COM LIT,171
COM LIT,190
COM LIT,H195
COM LIT,199
COM LIT,202B
COM LIT,212
COM LIT,240
COM LIT,254
COM LIT,298
COM LIT,299
COM LIT,300
COM LIT,601
COM LIT,602
CRIT TH,240
CRIT TH,290
CRIT TH,298
DEMOG,98
DEMOG,145AC
DEMOG,C175
DEMOG,198
DEMOG,260
DEMOG,298
DEMOG,299
DEMOG,602
DEV STD,C100
DEV STD,H195
EPS,3
EPS,C12
EPS,39A
EPS,39B
EPS,50
EPS,C100
EPS,100B
EPS,102
EPS,115
EPS,116
EPS,118
EPS,119
EPS,122
EPS,130
EPS,150
EPS,C180
EPS,C182
EPS,C183
EPS,207
EPS,217
EPS,220
EPS,225
EPS,230
EPS,C241
EPS,251
EPS,254
EPS,255
EPS,256
EPS,C276
EPS,280
EPS,290
EPS,C292
EPS,298
EPS,C301
EA LANG,105
EA LANG,111
EA LANG,C128
EA LANG,204
CHINESE,1B
CHINESE,7B
CHINESE,10B
CHINESE,10X
CHINESE,10Y
CHINESE,100B
CHINESE,100XB
CHINESE,100YB
CHINESE,101
CHINESE,110B
CHINESE,112
CHINESE,122
CHINESE,C140
CHINESE,155
CHINESE,179
CHINESE,234
CHINESE,255
CHINESE,298
CHINESE,299
CHINESE,601
CHINESE,602
JAPAN,1B
JAPAN,7B
JAPAN,10B
JAPAN,100B
JAPAN,100X
JAPAN,102
JAPAN,130
JAPAN,155
JAPAN,161
JAPAN,177
JAPAN,230
JAPAN,255
JAPAN,298
JAPAN,299
JAPAN,601
JAPAN,602
KOREAN,1B
KOREAN,1BX
KOREAN,7B
KOREAN,10B
KOREAN,10BX
KOREAN,100B
KOREAN,100BX
KOREAN,102
KOREAN,112
KOREAN,150
KOREAN,153
KOREAN,174
KOREAN,186
KOREAN,189
KOREAN,298
KOREAN,299
KOREAN,601
KOREAN,602
TIBETAN,1B
TIBETAN,10B
TIBETAN,115
ECON,1
ECON,2
ECON,C3
ECON,84
ECON,100A
ECON,100B
ECON,101A
ECON,101B
ECON,115
ECON,121
ECON,124
ECON,C125
ECON,131
ECON,136
ECON,138
ECON,140
ECON,141
ECON,151
ECON,152
ECON,154
ECON,155A
ECON,157
ECON,161
ECON,C171
ECON,174
ECON,C175
ECON,C181
ECON,183
ECON,191
ECON,H195B
ECON,197
ECON,199
ECON,201B
ECON,202B
ECON,206
ECON,208
ECON,209B
ECON,210A
ECON,210B
ECON,211
ECON,215B
ECON,216
ECON,217
ECON,218
ECON,219A
ECON,220A
ECON,220C
ECON,221
ECON,C222
ECON,230B
ECON,231
ECON,236B
ECON,237
ECON,240B
ECON,242
ECON,250B
ECON,251
ECON,270B
ECON,270C
ECON,271
ECON,274
ECON,280D
ECON,281
ECON,291
ECON,295
ECON,298
ECON,299
ECON,602
EDUC,30AC
EDUC,97
EDUC,98
EDUC,114A
EDUC,130
EDUC,131AC
EDUC,W140A
EDUC,140AC
EDUC,143
EDUC,160
EDUC,182AC
EDUC,183
EDUC,188B
EDUC,190
EDUC,195B
EDUC,197
EDUC,198
EDUC,199
EDUC,201B
EDUC,202D
EDUC,204C
EDUC,205
EDUC,207C
EDUC,212
EDUC,213B
EDUC,213D
EDUC,213L
EDUC,223B
EDUC,228A
EDUC,C229A
EDUC,229D
EDUC,231
EDUC,236B
EDUC,240B
EDUC,240D
EDUC,243
EDUC,244C
EDUC,246A
EDUC,249C
EDUC,250A
EDUC,258
EDUC,261A
EDUC,262C
EDUC,262G
EDUC,263B
EDUC,C265C
EDUC,266B
EDUC,269B
EDUC,270B
EDUC,272B
EDUC,273B
EDUC,274B
EDUC,274C
EDUC,275B
EDUC,275H
EDUC,275L
EDUC,278D
EDUC,279B
EDUC,280B
EDUC,280D
EDUC,283B
EDUC,283F
EDUC,290A
EDUC,290B
EDUC,290C
EDUC,290E
EDUC,294B
EDUC,294E
EDUC,295C
EDUC,298A
EDUC,298B
EDUC,298C
EDUC,299
EDUC,390B
EDUC,390C
EDUC,390D
EDUC,393
EDUC,413B
EDUC,413D
EDUC,413L
EDUC,460B
EDUC,460C
EL ENG,16A
EL ENG,16B
EL ENG,24
EL ENG,84
EL ENG,97
EL ENG,98
EL ENG,99
EL ENG,105
EL ENG,C106B
EL ENG,113
EL ENG,117
EL ENG,120
EL ENG,121
EL ENG,122
EL ENG,123
EL ENG,126
EL ENG,127
EL ENG,C128
EL ENG,130
EL ENG,134
EL ENG,137B
EL ENG,140
EL ENG,142
EL ENG,143
EL ENG,192
EL ENG,H196A
EL ENG,H196B
EL ENG,197
EL ENG,198
EL ENG,199
EL ENG,219B
EL ENG,219C
EL ENG,222
EL ENG,225A
EL ENG,C225E
EL ENG,227AT
EL ENG,C227C
EL ENG,229B
EL ENG,W230A
EL ENG,230A
EL ENG,230B
EL ENG,232
EL ENG,C235
EL ENG,W240A
EL ENG,240A
EL ENG,240B
EL ENG,W240C
EL ENG,W241B
EL ENG,241B
EL ENG,W242A
EL ENG,242A
EL ENG,W242B
EL ENG,C247B
EL ENG,C249B
EL ENG,290A
EL ENG,290P
EL ENG,290Q
EL ENG,C291
EL ENG,C291E
EL ENG,298
EL ENG,299
EL ENG,375
COMPSCI,C8
COMPSCI,9A
COMPSCI,9C
COMPSCI,9D
COMPSCI,9E
COMPSCI,9F
COMPSCI,9G
COMPSCI,9H
COMPSCI,10
COMPSCI,39R
COMPSCI,47A
COMPSCI,47B
COMPSCI,47C
COMPSCI,61A
COMPSCI,61AS
COMPSCI,61B
COMPSCI,61C
COMPSCI,70
COMPSCI,152
COMPSCI,160
COMPSCI,161
COMPSCI,162
COMPSCI,164
COMPSCI,169
COMPSCI,170
COMPSCI,172
COMPSCI,174
COMPSCI,184
COMPSCI,186
COMPSCI,188
COMPSCI,189
COMPSCI,195
COMPSCI,198
COMPSCI,250
COMPSCI,260A
COMPSCI,262A
COMPSCI,C267
COMPSCI,268
COMPSCI,270
COMPSCI,C280
COMPSCI,C281B
COMPSCI,284A
COMPSCI,286A
COMPSCI,289A
COMPSCI,294
COMPSCI,297
COMPSCI,298
COMPSCI,299
COMPSCI,375
COMPSCI,399
"ENE,RES",99
"ENE,RES",102
"ENE,RES",175
"ENE,RES",190
"ENE,RES",199
"ENE,RES",275
"ENE,RES",290
"ENE,RES",292B
"ENE,RES",292D
"ENE,RES",295
"ENE,RES",298
"ENE,RES",298N
"ENE,RES",299
ENGIN,7
ENGIN,25
ENGIN,26
ENGIN,27
ENGIN,45
ENGIN,98
ENGIN,120
ENGIN,157AC
ENGIN,194
ENGIN,198
ENGIN,201
ENGIN,C233
ENGIN,272
ENGIN,295
ENGIN,296MB
ENGIN,298B
ENGLISH,R1A
ENGLISH,R1B
ENGLISH,20
ENGLISH,24
ENGLISH,26
ENGLISH,43B
ENGLISH,45A
ENGLISH,45B
ENGLISH,45C
ENGLISH,84
ENGLISH,98
ENGLISH,98BC
ENGLISH,99
ENGLISH,101
ENGLISH,111
ENGLISH,114A
ENGLISH,117S
ENGLISH,122
ENGLISH,125E
ENGLISH,126
ENGLISH,128
ENGLISH,130B
ENGLISH,132
ENGLISH,133B
ENGLISH,C136
ENGLISH,137B
ENGLISH,137T
ENGLISH,138
ENGLISH,141
ENGLISH,143A
ENGLISH,143B
ENGLISH,143N
ENGLISH,161
ENGLISH,165
ENGLISH,166
ENGLISH,170
ENGLISH,172
ENGLISH,173
ENGLISH,177
ENGLISH,180A
ENGLISH,180E
ENGLISH,180N
ENGLISH,180Z
ENGLISH,190
ENGLISH,H195B
ENGLISH,198
ENGLISH,198BC
ENGLISH,199
ENGLISH,202
ENGLISH,203
ENGLISH,205B
ENGLISH,243B
ENGLISH,246F
ENGLISH,250
ENGLISH,298
ENGLISH,299
ENGLISH,310
ENGLISH,602
ENV DES,1
ENV DES,R3B
ENV DES,4B
ENV DES,4C
ENV DES,100
ENV DES,101A
ENV DES,106
ENV DES,252
ESPM,C10
ESPM,15
ESPM,C46
ESPM,50AC
ESPM,90
ESPM,98
ESPM,98BC
ESPM,99
ESPM,100ES
ESPM,102C
ESPM,102D
ESPM,111
ESPM,113
ESPM,114
ESPM,C128
ESPM,131
ESPM,132
ESPM,C133
ESPM,134
ESPM,144
ESPM,147
ESPM,C148
ESPM,150
ESPM,152
ESPM,156
ESPM,158
ESPM,C159
ESPM,165
ESPM,166
ESPM,C167
ESPM,C170
ESPM,H175B
ESPM,175B
ESPM,H175L
ESPM,175L
ESPM,C177
ESPM,C180
ESPM,181A
ESPM,C183
ESPM,186
ESPM,C192
ESPM,194A
ESPM,194B
ESPM,195
ESPM,H196
ESPM,197
ESPM,198
ESPM,198BC
ESPM,199
ESPM,C200
ESPM,201A
ESPM,201S
ESPM,C204
ESPM,206
ESPM,215
ESPM,C220
ESPM,228
ESPM,C254
ESPM,260
ESPM,C273
ESPM,276
ESPM,280
ESPM,C282
ESPM,290
ESPM,296
ESPM,298
ESPM,299
ESPM,300
ESPM,400
ESPM,601
ESPM,602
ESPM,999
ETH STD,11AC
ETH STD,21AC
ETH STD,24
ETH STD,97
ETH STD,98
ETH STD,98BC
ETH STD,99
ETH STD,101A
ETH STD,103E
ETH STD,C126
ETH STD,144AC
ETH STD,173AC
ETH STD,190
ETH STD,196
ETH STD,H196B
ETH STD,197
ETH STD,198
ETH STD,198BC
ETH STD,199
ETH GRP,240
ETH GRP,250
ETH GRP,296
ETH GRP,299
ETH GRP,601
ETH GRP,602
FILM,R1A
FILM,R1B
FILM,25B
FILM,108
FILM,128
FILM,140
FILM,151
FILM,160
FILM,180
FILM,184
FILM,187
FILM,H195
FILM,197B
FILM,197C
FILM,198
FILM,199
FILM,201
FILM,240
FILM,298
FILM,299
FILM,602
FOLKLOR,C262B
FOLKLOR,298
FOLKLOR,299
FRENCH,1
FRENCH,2
FRENCH,3
FRENCH,4
FRENCH,13
FRENCH,14
FRENCH,35
FRENCH,102
FRENCH,103B
FRENCH,114A
FRENCH,121B
FRENCH,138
FRENCH,148
FRENCH,172A
FRENCH,174
FRENCH,177B
FRENCH,178A
FRENCH,180B
FRENCH,H195A
FRENCH,H195B
FRENCH,197
FRENCH,199
FRENCH,C203
FRENCH,210A
FRENCH,220A
FRENCH,240A
FRENCH,251
FRENCH,260B
FRENCH,275A
FRENCH,298
FRENCH,299
FRENCH,302
FRENCH,303
FRENCH,335
FRENCH,601
FRENCH,602
GWS,10
GWS,14
GWS,20
GWS,24
GWS,100AC
GWS,101
GWS,104
GWS,134
GWS,142
GWS,144
GWS,H195
GWS,C196A
GWS,C196B
GWS,C196W
GWS,200
GWS,220
LGBT,145
LGBT,146
LGBT,C148
GEOG,20
GEOG,40
GEOG,98
GEOG,C112
GEOG,130
GEOG,C135
GEOG,137
GEOG,140A
GEOG,C146
GEOG,160B
GEOG,170
GEOG,180
GEOG,181
GEOG,183
GEOG,185
GEOG,187
GEOG,H195A
GEOG,198
GEOG,199
GEOG,200B
GEOG,244
GEOG,252
GEOG,255
GEOG,296
GEOG,297
GEOG,298
GEOG,299
GEOG,301
GEOG,601
GEOG,602
GERMAN,1
GERMAN,2
GERMAN,3
GERMAN,4
GERMAN,R5B
GERMAN,39A
GERMAN,98
GERMAN,100
GERMAN,101
GERMAN,102A
GERMAN,108
GERMAN,110
GERMAN,131
GERMAN,152
GERMAN,157C
GERMAN,160C
GERMAN,160K
GERMAN,173
GERMAN,H196
GERMAN,H196A
GERMAN,H196B
GERMAN,198
GERMAN,199
GERMAN,201C
GERMAN,204
GERMAN,206
GERMAN,214
GERMAN,256
GERMAN,290
GERMAN,292
GERMAN,298
GERMAN,299
GERMAN,375B
GERMAN,602
YIDDISH,102
DUTCH,2
DUTCH,100
DUTCH,125
DUTCH,C178
DUTCH,H196
DUTCH,198
DUTCH,199
DUTCH,299
GSPDP,301
GSPDP,302
GSPDP,320
GSPDP,375
LAN PRO,100A
HMEDSCI,98
HMEDSCI,198
HISTORY,R1B
HISTORY,4B
HISTORY,5
HISTORY,6B
HISTORY,7B
HISTORY,8B
HISTORY,14
HISTORY,24
HISTORY,88
HISTORY,98BC
HISTORY,100AC
HISTORY,100AP
HISTORY,100BP
HISTORY,100D
HISTORY,100E
HISTORY,100F
HISTORY,100M
HISTORY,101
HISTORY,103A
HISTORY,103B
HISTORY,103D
HISTORY,103E
HISTORY,103F
HISTORY,103S
HISTORY,103U
HISTORY,104
HISTORY,105B
HISTORY,111D
HISTORY,112B
HISTORY,116G
HISTORY,118C
HISTORY,124B
HISTORY,125A
HISTORY,136AC
HISTORY,137AC
HISTORY,C139B
HISTORY,C139C
HISTORY,151A
HISTORY,151C
HISTORY,158C
HISTORY,160
HISTORY,164A
HISTORY,168A
HISTORY,171C
HISTORY,173C
HISTORY,178
HISTORY,180
HISTORY,180T
HISTORY,C182C
HISTORY,185A
HISTORY,C188C
HISTORY,C192
HISTORY,198BC
HISTORY,199
HISTORY,275B
HISTORY,275F
HISTORY,275S
HISTORY,280A
HISTORY,280B
HISTORY,280D
HISTORY,280F
HISTORY,280H
HISTORY,280S
HISTORY,280U
HISTORY,283
HISTORY,285B
HISTORY,285E
HISTORY,285H
HISTORY,285U
HISTORY,290
IND ENG,131
IND ENG,153
IND ENG,161
IND ENG,162
IND ENG,165
IND ENG,166
IND ENG,170
IND ENG,180
IND ENG,185
IND ENG,190A
IND ENG,190C
IND ENG,190G
IND ENG,191
IND ENG,192
IND ENG,220
IND ENG,221
IND ENG,C227B
IND ENG,C253
IND ENG,262B
IND ENG,263B
IND ENG,265
IND ENG,267
IND ENG,290
IND ENG,290R
IND ENG,298
INFO,C8
INFO,98
INFO,C103
INFO,C167
INFO,199
INFO,203
INFO,205
INFO,209
INFO,214
INFO,216
INFO,218
INFO,234
INFO,247
INFO,C265
INFO,290
INFO,290T
INFO,290TA
INFO,293
INFO,295
INFO,296A
INFO,298
INFO,298A
INFO,299
INFO,602
INTEGBI,24
INTEGBI,31
INTEGBI,32
INTEGBI,95
INTEGBI,C100
INTEGBI,103LF
INTEGBI,104LF
INTEGBI,113L
INTEGBI,C129L
INTEGBI,132
INTEGBI,132L
INTEGBI,135
INTEGBI,138
INTEGBI,140
INTEGBI,C142L
INTEGBI,C143B
INTEGBI,150
INTEGBI,166
INTEGBI,167
INTEGBI,168L
INTEGBI,169
INTEGBI,171
INTEGBI,181L
INTEGBI,190
INTEGBI,C195
INTEGBI,C200
INTEGBI,C204
INTEGBI,C227
INTEGBI,230
INTEGBI,232
INTEGBI,234
INTEGBI,246
INTEGBI,251
INTEGBI,264
INTEGBI,265
INTEGBI,281
INTEGBI,283
INTEGBI,286
INTEGBI,290
INTEGBI,291
INTEGBI,296
INTEGBI,297
INTEGBI,298
INTEGBI,299
INTEGBI,C407
INTEGBI,601
INTEGBI,602
ISF,100A
ISF,C100G
ISF,189
ISF,190
IAS,45
IAS,98
IAS,102
IAS,106
IAS,C118
IAS,150
IAS,157AC
IAS,194
IAS,206
ITALIAN,1
ITALIAN,1S
ITALIAN,2
ITALIAN,3
ITALIAN,4
ITALIAN,R5B
ITALIAN,12
ITALIAN,70
ITALIAN,97
ITALIAN,98
ITALIAN,101B
ITALIAN,103
ITALIAN,112
ITALIAN,117
ITALIAN,H195
ITALIAN,197
ITALIAN,198
ITALIAN,199
ITALIAN,C203
ITALIAN,235
ITALIAN,248
ITALIAN,260
ITALIAN,270
ITALIAN,282
ITALIAN,290B
ITALIAN,298
ITALIAN,299
ITALIAN,302
ITALIAN,303
ITALIAN,601
ITALIAN,602
JEWISH,39M
JEWISH,39N
JEWISH,101
JEWISH,120
JEWISH,200
JOURN,C141
JOURN,198
JOURN,216
JOURN,219
JOURN,220
JOURN,222
JOURN,294
JOURN,298
JOURN,299
LD ARCH,1
LD ARCH,102
LD ARCH,112
LD ARCH,121
LD ARCH,130
LD ARCH,136
LD ARCH,140
LD ARCH,160
LD ARCH,170
LD ARCH,C177
LD ARCH,200B
LD ARCH,202
LD ARCH,204
LD ARCH,205
LD ARCH,206
LD ARCH,221
LD ARCH,222
LD ARCH,226
LD ARCH,C250
LD ARCH,251
LD ARCH,253
LD ARCH,254
LD ARCH,255
LD ARCH,297
LD ARCH,298
LD ARCH,300
LD ARCH,602
LATAMST,150
LATAMST,H195
LATAMST,299
LEGALST,R1B
LEGALST,98
LEGALST,107
LEGALST,132AC
LEGALST,138
LEGALST,153
LEGALST,154
LEGALST,160
LEGALST,174
LEGALST,177
LEGALST,187
LEGALST,190
LEGALST,H195B
LEGALST,198
LEGALST,199
L & S,22
L & S,25
L & S,C30V
L & S,C46
L & S,70A
L & S,C70T
L & S,C101
L & S,105
L & S,125
L & S,160B
L & S,C160V
L & S,C180U
LINGUIS,R1B
LINGUIS,1B
LINGUIS,5
LINGUIS,11
LINGUIS,24
LINGUIS,51
LINGUIS,100
LINGUIS,C105
LINGUIS,113
LINGUIS,115
LINGUIS,120
LINGUIS,122
LINGUIS,140
LINGUIS,C142
LINGUIS,C146
LINGUIS,C160
LINGUIS,170
LINGUIS,181
LINGUIS,197
LINGUIS,211A
LINGUIS,220B
LINGUIS,230
LINGUIS,234
LINGUIS,240B
LINGUIS,290A
LINGUIS,290R
LINGUIS,297
LINGUIS,298
MASSCOM,24
MASSCOM,101
MASSCOM,C103
MASSCOM,C104C
MASSCOM,160
MASSCOM,170
MASSCOM,180
MASSCOM,C196W
MAT SCI,24
MAT SCI,103
MAT SCI,104
MAT SCI,111
MAT SCI,112
MAT SCI,125
MAT SCI,151
MAT SCI,H194
MAT SCI,199
MAT SCI,202
MAT SCI,C212
MAT SCI,C214
MAT SCI,C225
MAT SCI,241
MAT SCI,C286
MAT SCI,296B
MAT SCI,298
MAT SCI,299
MAT SCI,601
MAT SCI,602
MATH,1A
MATH,1B
MATH,10B
MATH,16A
MATH,16B
MATH,24
MATH,32
MATH,49
MATH,53
MATH,H54
MATH,54
MATH,55
MATH,98BC
MATH,104
MATH,105
MATH,110
MATH,H113
MATH,113
MATH,115
MATH,118
MATH,121A
MATH,121B
MATH,123
MATH,127
MATH,128A
MATH,128B
MATH,135
MATH,141
MATH,151
MATH,153
MATH,160
MATH,172
MATH,H185
MATH,185
MATH,191
MATH,196
MATH,197
MATH,198BC
MATH,199
MATH,202B
MATH,204
MATH,212
MATH,215B
MATH,C218B
MATH,221
MATH,222B
MATH,C223B
MATH,225B
MATH,228B
MATH,250B
MATH,256B
MATH,261B
MATH,270
MATH,273A
MATH,274
MATH,276
MATH,277
MATH,279
MATH,303
MATH,375
MATH,999
MEC ENG,24
MEC ENG,40
MEC ENG,C85
MEC ENG,98
MEC ENG,101
MEC ENG,102A
MEC ENG,102B
MEC ENG,104
MEC ENG,106
MEC ENG,107
MEC ENG,108
MEC ENG,109
MEC ENG,110
MEC ENG,C115
MEC ENG,C117
MEC ENG,122
MEC ENG,131
MEC ENG,132
MEC ENG,C134
MEC ENG,135
MEC ENG,167
MEC ENG,170
MEC ENG,C180
MEC ENG,191K
MEC ENG,H194
MEC ENG,196
MEC ENG,198
MEC ENG,199
MEC ENG,C201
MEC ENG,C213
MEC ENG,C215
MEC ENG,C216
MEC ENG,C218
MEC ENG,C225
MEC ENG,226
MEC ENG,233
MEC ENG,235
MEC ENG,C236
MEC ENG,237
MEC ENG,241B
MEC ENG,245
MEC ENG,256
MEC ENG,258
MEC ENG,259
MEC ENG,260B
MEC ENG,277
MEC ENG,280B
MEC ENG,282
MEC ENG,285A
MEC ENG,285D
MEC ENG,290A
MEC ENG,290I
MEC ENG,290J
MEC ENG,290L
MEC ENG,C290S
MEC ENG,298
MEC ENG,299
MEC ENG,375
M E STU,10
M E STU,130
M E STU,150
M E STU,190
M E STU,H195
M E STU,197
MIL AFF,1
MIL AFF,145B
MIL AFF,154
MIL AFF,199
AEROSPC,1B
AEROSPC,2B
AEROSPC,100
AEROSPC,135B
MIL SCI,1
MIL SCI,3
MIL SCI,101
MIL SCI,132
MIL SCI,142
NAV SCI,2
NAV SCI,10
NAV SCI,400E
NAV SCI,412
MCELLBI,15
MCELLBI,41
MCELLBI,50
MCELLBI,C61
MCELLBI,C100A
MCELLBI,100B
MCELLBI,102
MCELLBI,C103
MCELLBI,104
MCELLBI,110
MCELLBI,C110L
MCELLBI,C114
MCELLBI,118
MCELLBI,130A
MCELLBI,133L
MCELLBI,C134
MCELLBI,137
MCELLBI,140
MCELLBI,140L
MCELLBI,141
MCELLBI,C148
MCELLBI,149
MCELLBI,150
MCELLBI,150L
MCELLBI,160L
MCELLBI,161
MCELLBI,165
MCELLBI,206
MCELLBI,210
MCELLBI,C212A
MCELLBI,C212B
MCELLBI,C212C
MCELLBI,218C
MCELLBI,218D
MCELLBI,218E
MCELLBI,218F
MCELLBI,218H
MCELLBI,218I
MCELLBI,218J
MCELLBI,218O
MCELLBI,218P
MCELLBI,218Q
MCELLBI,218R
MCELLBI,218S
MCELLBI,218W
MCELLBI,218X
MCELLBI,218Z
MCELLBI,219A
MCELLBI,219B
MCELLBI,219F
MCELLBI,219G
MCELLBI,219H
MCELLBI,219J
MCELLBI,219S
MCELLBI,219T
MCELLBI,219U
MCELLBI,219X
MCELLBI,219Y
MCELLBI,219Z
MCELLBI,230
MCELLBI,231
MCELLBI,239B
MCELLBI,239BB
MCELLBI,239C
MCELLBI,239D
MCELLBI,239EE
MCELLBI,239FF
MCELLBI,239HH
MCELLBI,239I
MCELLBI,239J
MCELLBI,239K
MCELLBI,239KK
MCELLBI,239M
MCELLBI,239N
MCELLBI,239O
MCELLBI,239Q
MCELLBI,239R
MCELLBI,239T
MCELLBI,239U
MCELLBI,239V
MCELLBI,239W
MCELLBI,239Z
MCELLBI,240
MCELLBI,249BB
MCELLBI,249C
MCELLBI,249D
MCELLBI,249F
MCELLBI,249G
MCELLBI,249H
MCELLBI,249J
MCELLBI,249K
MCELLBI,249L
MCELLBI,249M
MCELLBI,249MM
MCELLBI,249N
MCELLBI,249O
MCELLBI,249Q
MCELLBI,249S
MCELLBI,249T
MCELLBI,249V
MCELLBI,249X
MCELLBI,249Y
MCELLBI,249Z
MCELLBI,250
MCELLBI,251
MCELLBI,259B
MCELLBI,259C
MCELLBI,259D
MCELLBI,259E
MCELLBI,259F
MCELLBI,259G
MCELLBI,259H
MCELLBI,259J
MCELLBI,259M
MCELLBI,259N
MCELLBI,C261
MCELLBI,C263
MCELLBI,269A
MCELLBI,269B
MCELLBI,269C
MCELLBI,269D
MCELLBI,269F
MCELLBI,269I
MCELLBI,269J
MCELLBI,269M
MCELLBI,269O
MCELLBI,269Q
MCELLBI,269R
MCELLBI,269S
MCELLBI,269T
MCELLBI,269U
MCELLBI,269W
MCELLBI,280C
MCELLBI,291B
MCELLBI,292
MCELLBI,295
MCELLBI,380
MCELLBI,481B
MCELLBI,481C
MUSIC,R1B
MUSIC,20A
MUSIC,20B
MUSIC,25A
MUSIC,26AC
MUSIC,29
MUSIC,40
MUSIC,41A
MUSIC,41B
MUSIC,42
MUSIC,44
MUSIC,49B
MUSIC,49C
MUSIC,50
MUSIC,51
MUSIC,60
MUSIC,61
MUSIC,74
MUSIC,77
MUSIC,97
MUSIC,98
MUSIC,98BC
MUSIC,99
MUSIC,116B
MUSIC,116BM
MUSIC,128
MUSIC,128S
MUSIC,128SM
MUSIC,139
MUSIC,140
MUSIC,141
MUSIC,142
MUSIC,143
MUSIC,144
MUSIC,145
MUSIC,146B
MUSIC,148
MUSIC,149
MUSIC,150A
MUSIC,150B
MUSIC,150C
MUSIC,150D
MUSIC,150E
MUSIC,150G
MUSIC,150H
MUSIC,151
MUSIC,155
MUSIC,161B
MUSIC,165
MUSIC,179
MUSIC,H195
MUSIC,197
MUSIC,198
MUSIC,198BC
MUSIC,199
MUSIC,202
MUSIC,203
MUSIC,204
MUSIC,220
MUSIC,246
MUSIC,250A
MUSIC,290
MUSIC,296
MUSIC,298
MUSIC,299
MUSIC,300
MUSIC,405
MUSIC,410
MUSIC,601
MUSIC,602
NSE,C203
NSE,298
NATAMST,R1A
NATAMST,R1B
NATAMST,20B
NATAMST,72
NATAMST,90
NATAMST,97
NATAMST,98
NATAMST,99
NATAMST,101
NATAMST,149
NATAMST,C152
NATAMST,173AC
NATAMST,178
NATAMST,190
NATAMST,H195B
NATAMST,197
NATAMST,198
NATAMST,199
NAT RES,24
NAT RES,84
NAT RES,C101
NE STUD,R1B
NE STUD,15
NE STUD,24
NE STUD,109
NE STUD,126
NE STUD,129
NE STUD,C135
NE STUD,140
NE STUD,165
NE STUD,C188
NE STUD,190A
NE STUD,190B
NE STUD,190C
NE STUD,198
NE STUD,291
NE STUD,296
NE STUD,298
ARABIC,1B
ARABIC,20B
ARABIC,100B
ARABIC,107
ARABIC,111B
ARABIC,298
CUNEIF,100B
CUNEIF,101B
CUNEIF,102B
CUNEIF,200B
CUNEIF,298
EGYPT,100B
EGYPT,202B
HEBREW,1B
HEBREW,20B
HEBREW,104B
HEBREW,107B
HEBREW,190B
HEBREW,198
HEBREW,202B
HEBREW,204B
PERSIAN,1B
PERSIAN,11B
PERSIAN,20B
PERSIAN,100B
PERSIAN,103B
PERSIAN,200B
SEMITIC,209B
TURKISH,1B
TURKISH,100B
TURKISH,101B
NEUROSC,C261
NEUROSC,C263
NEUROSC,290
NEUROSC,291B
NEUROSC,292
NEUROSC,294
NEUROSC,299
NWMEDIA,190
NWMEDIA,200
NWMEDIA,203
NWMEDIA,C265
NUC ENG,24
NUC ENG,100
NUC ENG,102
NUC ENG,104
NUC ENG,124
NUC ENG,130
NUC ENG,150
NUC ENG,155
NUC ENG,162
NUC ENG,170A
NUC ENG,H194
NUC ENG,198
NUC ENG,199
NUC ENG,201
NUC ENG,221
NUC ENG,230
NUC ENG,281
NUC ENG,C285
NUC ENG,290A
NUC ENG,290B
NUC ENG,295
NUC ENG,298
NUC ENG,299
NUC ENG,602
NUSCTX,10
NUSCTX,11
NUSCTX,98
NUSCTX,99
NUSCTX,104
NUSCTX,C114
NUSCTX,115
NUSCTX,121
NUSCTX,135
NUSCTX,145
NUSCTX,C159
NUSCTX,160
NUSCTX,161B
NUSCTX,170
NUSCTX,190
NUSCTX,193
NUSCTX,194
NUSCTX,H196
NUSCTX,198
NUSCTX,199
NUSCTX,211B
NUSCTX,250
NUSCTX,260
NUSCTX,290
NUSCTX,292
NUSCTX,296A
NUSCTX,296B
NUSCTX,296C
NUSCTX,296D
NUSCTX,296E
NUSCTX,296F
NUSCTX,296G
NUSCTX,296H
NUSCTX,296I
NUSCTX,296J
NUSCTX,296L
NUSCTX,298
NUSCTX,299
NUSCTX,302
NUSCTX,999
OPTOM,10
OPTOM,98
OPTOM,200B
OPTOM,200BL
OPTOM,200D
OPTOM,200DL
OPTOM,222A
OPTOM,226B
OPTOM,230B
OPTOM,231B
OPTOM,236B
OPTOM,240
OPTOM,256
OPTOM,260A
OPTOM,270C
OPTOM,281B
OPTOM,291B
OPTOM,292B
OPTOM,298B
OPTOM,299B
OPTOM,430C
OPTOM,440C
OPTOM,441C
OPTOM,450B
OPTOM,452
OPTOM,499
VIS SCI,24
VIS SCI,84
VIS SCI,199
VIS SCI,201B
VIS SCI,203B
VIS SCI,206B
VIS SCI,206C
VIS SCI,212E
VIS SCI,212F
VIS SCI,212G
VIS SCI,217
VIS SCI,219
VIS SCI,262
VIS SCI,C280
VIS SCI,298
VIS SCI,299
VIS SCI,300
VIS SCI,601
VIS SCI,602
PACS,10
PACS,98
PACS,100
PACS,127
PACS,130
PACS,135
PACS,149
PACS,151
PACS,190
PACS,H195
PACS,195
PHILOS,3
PHILOS,4
PHILOS,11
PHILOS,12A
PHILOS,25B
PHILOS,98BC
PHILOS,100
PHILOS,104
PHILOS,115
PHILOS,122
PHILOS,132
PHILOS,133
PHILOS,140A
PHILOS,142
PHILOS,153
PHILOS,172
PHILOS,178
PHILOS,190
PHILOS,198BC
PHILOS,290
PHILOS,295
PHYS ED,1
PHYS ED,2
PHYS ED,3
PHYS ED,4
PHYS ED,5
PHYS ED,11
PHYS ED,12
PHYS ED,32
PHYS ED,98
PHYS ED,C129
PHYS ED,197
PHYS ED,198
PHYS ED,C407
PHYSICS,7A
PHYSICS,7B
PHYSICS,H7B
PHYSICS,7C
PHYSICS,H7C
PHYSICS,8A
PHYSICS,8B
PHYSICS,49
PHYSICS,77
PHYSICS,89
PHYSICS,98BC
PHYSICS,99
PHYSICS,105
PHYSICS,110A
PHYSICS,110B
PHYSICS,111A
PHYSICS,111B
PHYSICS,112
PHYSICS,130
PHYSICS,137A
PHYSICS,137B
PHYSICS,139
PHYSICS,141A
PHYSICS,141B
PHYSICS,142
PHYSICS,C161
PHYSICS,177
PHYSICS,H190
PHYSICS,H195A
PHYSICS,H195B
PHYSICS,198BC
PHYSICS,199
PHYSICS,C202
PHYSICS,211
PHYSICS,216
PHYSICS,221B
PHYSICS,229
PHYSICS,231
PHYSICS,232B
PHYSICS,233A
PHYSICS,234B
PHYSICS,240B
PHYSICS,242B
PHYSICS,C285
PHYSICS,290B
PHYSICS,C290C
PHYSICS,290E
PHYSICS,290F
PHYSICS,290K
PHYSICS,290P
PHYSICS,290S
PHYSICS,290Z
PHYSICS,299
PHYSICS,301
PHYSICS,602
PHYSICS,999
PLANTBI,11
PLANTBI,24
PLANTBI,40
PLANTBI,99
PLANTBI,101L
PLANTBI,C103
PLANTBI,C114
PLANTBI,120
PLANTBI,120L
PLANTBI,122
PLANTBI,C134
PLANTBI,C148
PLANTBI,160
PLANTBI,165
PLANTBI,H196
PLANTBI,199
PLANTBI,200B
PLANTBI,200C
PLANTBI,200F
PLANTBI,220B
PLANTBI,220C
PLANTBI,220F
PLANTBI,222
PLANTBI,290
PLANTBI,297
PLANTBI,298
PLANTBI,299
POLECON,100
POLECON,101
POLECON,150
POLECON,160
POLECON,H195
POL SCI,1
POL SCI,2
POL SCI,4
POL SCI,106A
POL SCI,109B
POL SCI,109P
POL SCI,110B
POL SCI,111AC
POL SCI,112A
POL SCI,112C
POL SCI,123M
POL SCI,123S
POL SCI,124A
POL SCI,124C
POL SCI,144
POL SCI,149E
POL SCI,149N
POL SCI,161
POL SCI,166
POL SCI,171
POL SCI,179
POL SCI,186
POL SCI,H190B
POL SCI,191
POL SCI,C196A
POL SCI,C196B
POL SCI,198
POL SCI,200B
POL SCI,203
POL SCI,210
POL SCI,211
POL SCI,212C
POL SCI,220A
POL SCI,231B
POL SCI,232A
POL SCI,232B
POL SCI,234A
POL SCI,236B
POL SCI,261
POL SCI,274
POL SCI,289
POL SCI,290
POL SCI,290B
POL SCI,291AS
POL SCI,291IR
POL SCI,292
POL SCI,296
POL SCI,299
POL SCI,398
POL SCI,404
PSYCH,W1
PSYCH,1
PSYCH,2
PSYCH,10
PSYCH,39O
PSYCH,C61
PSYCH,98
PSYCH,101
PSYCH,114
PSYCH,C116
PSYCH,117
PSYCH,121
PSYCH,125
PSYCH,C126
PSYCH,130
PSYCH,131
PSYCH,135
PSYCH,140
PSYCH,141
PSYCH,C143
PSYCH,148
PSYCH,150
PSYCH,160
PSYCH,C162
PSYCH,H194B
PSYCH,210A
PSYCH,229A
PSYCH,229B
PSYCH,233A
PSYCH,236
PSYCH,237E
PSYCH,237G
PSYCH,237H
PSYCH,239
PSYCH,240A
PSYCH,249
PSYCH,250B
PSYCH,250D
PSYCH,259
PSYCH,269
PSYCH,290B
PSYCH,290H
PSYCH,290Z
PSYCH,293
PSYCH,294
PSYCH,298
PSYCH,299
PSYCH,301
PB HLTH,14
PB HLTH,39I
PB HLTH,84
PB HLTH,98
PB HLTH,C102
PB HLTH,104B
PB HLTH,112
PB HLTH,116
PB HLTH,C117
PB HLTH,126
PB HLTH,142
PB HLTH,144A
PB HLTH,144B
PB HLTH,150A
PB HLTH,150D
PB HLTH,150E
PB HLTH,C160
PB HLTH,170C
PB HLTH,H195B
PB HLTH,196
PB HLTH,198
PB HLTH,200A
PB HLTH,200C3
PB HLTH,201E
PB HLTH,C202B
PB HLTH,202G
PB HLTH,204F
PB HLTH,205
PB HLTH,206D
PB HLTH,207A
PB HLTH,210F
PB HLTH,212D
PB HLTH,212E
PB HLTH,214
PB HLTH,216A
PB HLTH,218B
PB HLTH,219C
PB HLTH,219E
PB HLTH,220E
PB HLTH,221B
PB HLTH,222A
PB HLTH,223C
PB HLTH,223E
PB HLTH,223F
PB HLTH,224A
PB HLTH,231A
PB HLTH,C233
PB HLTH,236
PB HLTH,C240A
PB HLTH,241
PB HLTH,243C
PB HLTH,250C
PB HLTH,252
PB HLTH,252B
PB HLTH,252D
PB HLTH,253B
PB HLTH,253D
PB HLTH,253G
PB HLTH,255D
PB HLTH,256
PB HLTH,257
PB HLTH,260B
PB HLTH,260C
PB HLTH,262
PB HLTH,266
PB HLTH,266B
PB HLTH,269C
PB HLTH,270A
PB HLTH,270C
PB HLTH,271C
PB HLTH,271D
PB HLTH,271E
PB HLTH,C271G
PB HLTH,272A
PB HLTH,275
PB HLTH,281
PB HLTH,C285
PB HLTH,288C
PB HLTH,288D
PB HLTH,290
PB HLTH,291A
PB HLTH,292
PB HLTH,293
PB HLTH,295
PB HLTH,296
PB HLTH,297
PB HLTH,298
PB HLTH,299
PB HLTH,375B
PUB POL,101
PUB POL,C103
PUB POL,157
PUB POL,190
PUB POL,200
PUB POL,205
PUB POL,210B
PUB POL,240B
PUB POL,257
PUB POL,280
PUB POL,C285
PUB POL,290
PUB POL,296
PUB POL,297
PUB POL,298
PUB POL,299
RELIGST,90B
RELIGST,C104
RELIGST,C108
RELIGST,190
RELIGST,H195A
RELIGST,H195B
RELIGST,199
RHETOR,R1A
RHETOR,R1B
RHETOR,20
RHETOR,84
RHETOR,103B
RHETOR,104
RHETOR,109
RHETOR,116
RHETOR,117
RHETOR,127
RHETOR,128T
RHETOR,130
RHETOR,131T
RHETOR,132T
RHETOR,137
RHETOR,138
RHETOR,158
RHETOR,166
RHETOR,167
RHETOR,170
RHETOR,182
RHETOR,189
RHETOR,H190A
RHETOR,H190B
RHETOR,197
RHETOR,199
RHETOR,230
RHETOR,240G
RHETOR,250
RHETOR,295
RHETOR,299
RHETOR,601
RHETOR,602
SCANDIN,R5B
SCANDIN,60
SCANDIN,98
SCANDIN,101B
SCANDIN,106
SCANDIN,120
SCANDIN,145
SCANDIN,149
SCANDIN,150
SCANDIN,C160
SCANDIN,198
SCANDIN,199
SCANDIN,220
SCANDIN,249
SCANDIN,250
SCANDIN,298
SCANDIN,299
SCANDIN,300B
SCANDIN,301
SCANDIN,601
SCANDIN,602
SCMATHE,210
SCMATHE,292
SCMATHE,294
SCMATHE,295
SCMATHE,299
SCMATHE,602
SLAVIC,R5A
SLAVIC,R5B
SLAVIC,24
SLAVIC,39L
SLAVIC,46
SLAVIC,50
SLAVIC,98
SLAVIC,99
SLAVIC,134C
SLAVIC,138
SLAVIC,147A
SLAVIC,147R
SLAVIC,161
SLAVIC,170
SLAVIC,190
SLAVIC,H195
SLAVIC,198
SLAVIC,199
SLAVIC,200
SLAVIC,242
SLAVIC,246A
SLAVIC,280
SLAVIC,298
SLAVIC,299
SLAVIC,375A
SLAVIC,375B
SLAVIC,601
SLAVIC,602
SOC WEL,98BC
SOC WEL,107
SOC WEL,110
SOC WEL,112
SOC WEL,114
SOC WEL,116
SOC WEL,116H
SOC WEL,181
SOC WEL,H195
SOC WEL,198BC
SOC WEL,205
SOC WEL,210B
SOC WEL,210C
SOC WEL,210I
SOC WEL,222
SOC WEL,226
SOC WEL,230
SOC WEL,232
SOC WEL,236
SOC WEL,238C
SOC WEL,243
SOC WEL,244
SOC WEL,245
SOC WEL,246
SOC WEL,250B
SOC WEL,250C
SOC WEL,250J
SOC WEL,250M
SOC WEL,250N
SOC WEL,250T
SOC WEL,250Z
SOC WEL,255
SOC WEL,257
SOC WEL,260
SOC WEL,265M
SOC WEL,274
SOC WEL,282B
SOC WEL,289A
SOC WEL,298
SOC WEL,301
SOC WEL,400B
SOC WEL,401
SOC WEL,403
SOCIOL,1
SOCIOL,3AC
SOCIOL,5
SOCIOL,7
SOCIOL,98BC
SOCIOL,102
SOCIOL,106
SOCIOL,110
SOCIOL,111AC
SOCIOL,113AC
SOCIOL,115G
SOCIOL,117
SOCIOL,120
SOCIOL,121
SOCIOL,127
SOCIOL,130AC
SOCIOL,131AC
SOCIOL,133
SOCIOL,136
SOCIOL,140
SOCIOL,150
SOCIOL,160
SOCIOL,163
SOCIOL,166
SOCIOL,C167
SOCIOL,169F
SOCIOL,180C
SOCIOL,182
SOCIOL,190
SOCIOL,H190B
SOCIOL,193
SOCIOL,194
SOCIOL,C196A
SOCIOL,C196B
SOCIOL,C196W
SOCIOL,197
SOCIOL,198
SOCIOL,198BC
SOCIOL,199
SOCIOL,201B
SOCIOL,202B
SOCIOL,271C
SOCIOL,C271D
SOCIOL,273D
SOCIOL,280C
SOCIOL,280J
SOCIOL,280P
SOCIOL,280Y
SOCIOL,295
SOCIOL,296
SOCIOL,298
SOCIOL,299
SOCIOL,301
SOCIOL,401
SOCIOL,601
SOCIOL,602
"S,SEASN",R5B
"S,SEASN",39J
"S,SEASN",120
"S,SEASN",C145
"S,SEASN",250
S ASIAN,1B
S ASIAN,R5B
S ASIAN,110
S ASIAN,C215
SEASIAN,10B
BANGLA,1B
HIN-URD,1B
HIN-URD,2B
HIN-URD,100B
HIN-URD,101B
HIN-URD,103B
HIN-URD,104B
HIN-URD,221
KHMER,1B
KHMER,100B
KHMER,101B
MALAY/I,1B
MALAY/I,100B
MALAY/I,210B
PUNJABI,1B
PUNJABI,100B
SANSKR,100B
SANSKR,101C
SANSKR,200B
TAMIL,1B
TAMIL,101B
TAMIL,210B
THAI,1B
THAI,100B
THAI,101B
VIETNMS,1B
VIETNMS,100B
VIETNMS,101B
SPANISH,1
SPANISH,R1B
SPANISH,2
SPANISH,3
SPANISH,4
SPANISH,21
SPANISH,22
SPANISH,24
SPANISH,25
SPANISH,100
SPANISH,102A
SPANISH,104B
SPANISH,107B
SPANISH,135
SPANISH,135W
SPANISH,162
SPANISH,163
SPANISH,164
SPANISH,C178
SPANISH,H195
SPANISH,H195A
SPANISH,H195B
SPANISH,197
SPANISH,199
SPANISH,200B
SPANISH,C203
SPANISH,234A
SPANISH,242
SPANISH,280
SPANISH,285
SPANISH,298
SPANISH,299
SPANISH,302
SPANISH,601
SPANISH,602
PORTUG,24
PORTUG,101A
PORTUG,101B
PORTUG,102
PORTUG,103
PORTUG,135
PORTUG,H195
PORTUG,199
PORTUG,275
PORTUG,298
PORTUG,299
CATALAN,101
STAT,2
STAT,C8
STAT,20
STAT,W21
STAT,88
STAT,131A
STAT,133
STAT,134
STAT,135
STAT,150
STAT,151A
STAT,152
STAT,153
STAT,154
STAT,155
STAT,157
STAT,158
STAT,C205B
STAT,C206B
STAT,210B
STAT,212B
STAT,215B
STAT,222
STAT,230A
STAT,239B
STAT,C241B
STAT,C245A
STAT,248
STAT,259
STAT,260
STAT,C261
STAT,272
STAT,278B
STAT,298
STAT,299
STAT,601
STAT,602
THEATER,R1A
THEATER,R1B
THEATER,10
THEATER,25AC
THEATER,26
THEATER,39
THEATER,40
THEATER,60
THEATER,98
THEATER,100
THEATER,109
THEATER,110B
THEATER,111
THEATER,112
THEATER,119
THEATER,121
THEATER,125D
THEATER,126
THEATER,139B
THEATER,141
THEATER,143
THEATER,146B
THEATER,163
THEATER,166
THEATER,167
THEATER,168
THEATER,169
THEATER,171
THEATER,172
THEATER,173B
THEATER,174B
THEATER,175B
THEATER,176
THEATER,177
THEATER,178
THEATER,179
THEATER,180
THEATER,181
THEATER,C183A
THEATER,200B
THEATER,201
THEATER,203
THEATER,266
UGIS,82
UGIS,98
UGIS,112
UGIS,140
UGIS,156
UGIS,187
UGIS,188
UGIS,192A
UGIS,192B
UGIS,192C
UGIS,192D
UGIS,192E
UGIS,198
UGIS,303
UGIS,304
BIOLOGY,1A
BIOLOGY,1AL
BIOLOGY,1B
MEDIAST,24
MEDIAST,84
MEDIAST,101
MEDIAST,C103
MEDIAST,104A
MEDIAST,C104C
MEDIAST,160
MEDIAST,170
MEDIAST,180
MEDIAST,H195
MEDIAST,C196W
TELUGU,1B
FILIPN,1B
FILIPN,100B
FILIPN,W100B
FILIPN,101B
FILIPN,W101B
GPP,105
GPP,150
GPP,196
GMS,200
GMS,201
DEVP,225
DEVP,227
DEVP,233
DEVP,237
DEVP,239
DEVP,246
DEVP,299
CMPBIO,98BC
CMPBIO,198BC
CMPBIO,290
CMPBIO,294B
CMPBIO,295
STS,C100
STS,C250
DEV ENG,210
ARMENI,1B
ARMENI,101B
ARMENI,124
BOSCRSR,27B
BOSCRSR,117B
CZECH,26B
CZECH,116B
DANISH,1B
FINNISH,1B
FINNISH,102B
HUNGARI,1B
HUNGARI,100
ICELAND,1B
MONGOLN,1B
MONGOLN,C117
NORWEGN,1B
POLISH,25B
POLISH,115B
RUSSIAN,1
RUSSIAN,2
RUSSIAN,3
RUSSIAN,4
RUSSIAN,6B
RUSSIAN,103B
RUSSIAN,120B
RUSSIAN,201
SWEDISH,1B
EECS,151
EECS,151LA
EECS,151LB
EECS,251A
EECS,251LA
EECS,251LB
